Date,Headline,Score,sentiment
"May 20, 2023",Moderna reports ‘encouraging’ early data for one of its rare disease medicines,0,positive
"May 20, 2023","Teva puts rival to Prometheus, Pfizer drugs at center of turnaround plans",0,negative
"May 20, 2023",PTC’s drug for PKU succeeds in late-stage clinical trial,0,positive
"May 20, 2023",Roche pushes forward with MS drug amid rivals’ setbacks,0,neutral
"May 20, 2023",Gene therapy consortium targets eight rare diseases for clinical trials,0,positive
"May 20, 2023","Sanofi, AstraZeneca study results add support for their RSV drug in infants",0,neutral
"May 20, 2023","Alzheimer’s doctors see promise, limits in Lilly’s latest drug data",0,positive
"May 20, 2023",Roche pays China-based biotech $70M for a new HER2 drug,0,positive
"May 20, 2023",FibroGen’s anemia pill falls short in blood cancer study,0,neutral
"May 20, 2023","Valneva, Pfizer push back timeline for Lyme disease vaccine",0,neutral
"May 20, 2023",Lilly’s new Alzheimer’s data may both help and hinder rival Biogen,0,positive
"May 20, 2023",Lilly drug slows Alzheimer’s decline in large study,0,positive
"May 20, 2023",Travere set back by study failure of kidney disease drug,0,negative
"May 20, 2023","Alnylam’s early Alzheimer’s results encourage, but company discloses new hurdle",0,positive
"May 20, 2023",Lilly drug Mounjaro succeeds in second weight loss study,0,positive
"May 20, 2023",Novartis trims 10% of drug pipeline in research cutback,0,neutral
"May 20, 2023",Morphic shares swing on study data for drug viewed as ‘oral Entyvio’,0,neutral
"May 20, 2023","Ionis, AstraZeneca detail data backing rare disease rival to Alnylam drugs",0,positive
"May 20, 2023",Apellis’ immune system drug hits a setback in ALS,0,neutral
"May 20, 2023",J&J study data show dramatic benefit to multiple myeloma cell therapy,0,negative
"May 20, 2023",Vaxcyte strengthens case for experimental pneumococcal vaccine,0,positive
"May 20, 2023",Navigate the complexities of cell and gene therapies,0,neutral
"May 20, 2023",Patient-centered clinical trials improve recruitment and retention,0,neutral
"May 20, 2023","Moderna, Merck data support claim of cancer vaccine’s promise",0,neutral
"May 20, 2023",New data raise more doubts about Moderna’s flu vaccine,0,positive
"May 20, 2023","Teva puts rival to Prometheus, Pfizer drugs at center of turnaround plans",0,negative
"May 20, 2023","Supreme Court sides with Sanofi, Regeneron in patent fight with Amgen",0,neutral
"May 20, 2023",Moderna reports ‘encouraging’ early data for one of its rare disease medicines,0,positive
"May 20, 2023","On heels of Amgen lawsuit, FTC broadens investigation of PBMs",0,neutral
"May 20, 2023",How To Achieve a More Sustainable Pharma Supply Chain by Reducing Product Loss,0,positive
"May 20, 2023",The state of biosimilars in 2023,0,neutral
"May 20, 2023",Why Raw Materials Matter for Consistent Process Development of mRNA Therapeutics,0,positive
"May 20, 2023",Exploristics launches the KerusCloud Spring 2023 Release,0,neutral
"May 20, 2023",Future Fields Appoints SynBioBeta Founder John Cumbers to Advisory Board,0,neutral
"May 20, 2023",Real World Evidence Leader Target RWE Shares Expansion and Update on TARGET-GASTRO Longitudina…,0,positive
"May 20, 2023","Form Bio Announces FORMsightAI, a Breakthrough AI Solution Set for Predicting and Optimizing C…",0,neutral
"May 20, 2023","Gene therapy death not caused by CRISPR, investigators confirm",0,neutral
"May 20, 2023",FTC effort to stop Amgen’s Horizon takeover faces uphill fight,0,neutral
"May 20, 2023",Silencing tau to treat early Alzheimer’s disease,0,positive
"May 20, 2023",Extending Genetic Services Across Clinical Specialties to Improve Proactive Care,0,neutral
"May 20, 2023",3 Steps to Compete in Digital Quality,0,neutral
"May 20, 2023",The State of DEI in Clinical Trials,0,neutral
"May 20, 2023",2023 Life Sciences Manufacturing Trends,0,neutral
"May 20, 2023",Cookie Preferences / Do Not Sell,0,neutral
